Sentence_id	Prior_Emotion	Sentence	General Event	Future Event	Past Event	Prospective	Social	Self conseq.	Conseq. oth.	Situat. control	Responsible
763	Disgust	I felt … when my dog licks the ground when something horrible has been there.	1	0	0	0	1	0	1	1	0
836	Fear	I felt … when my grandmother didn't answer the door when I visited. I was … that she was ill or had had a fall.	0	0	1	0	1	0	1	0	0
495	Sadness	I felt ... when my cat Pepsi died. I felt ... that she had died and I felt ... about the fact I couldn’t do anything to help her. I remember just cuddling her before she was put to sleep and I was so ...	0	0	1	0	1	0	1	0	0
1153	Shame	I felt ... because BREXIT has made my country a laughing stock.	0	0	1	0	0	1	1	0	0
402	Joy	I felt ... when I received a postage stamp that I had bought online for my collection - it was in excellent condition and completed a set that I had been accumulating since childhood.	0	0	1	0	0	1	0	0	1
999	Joy	I felt ... when we bought a puppy.	0	0	1	0	1	1	0	1	1
679	Anger	I felt … when we were charged by a care home for the three months after my father had died, even though we had emptied his room the day after his death.	0	0	1	0	1	1	1	0	0
667	Anger	I felt … when I saw on the news that a guy had been stabbed to death by a stranger on a train and it was in front of his son.	0	0	1	0	1	0	1	0	0
521	Sadness	I felt ... because the woman I love has rejected my feelings, walking when we met together was very good :(	0	0	1	0	1	1	0	0	1
822	Fear	I felt … when I took my cat to the vet because I thought she was going to die.	0	0	1	1	1	0	1	1	1
11	Anger	I felt ... when I saw a teenager kicking over some flowers in a park.	0	0	1	0	1	0	0	0	0
1128	Shame	I felt ... when I realised that I had forgotten my best friend's birthday when she has had such a tough year but never forgets my birthday or special events.	0	0	1	0	1	0	1	0	1
1139	Shame	I felt ... when I ate  my daughter's burger from McDonald and she was upset after that.	0	0	1	0	1	1	1	1	1
358	Guilt	I felt ... because I witnessed an event of vandalism by a group of youths to a piece of lifesaving equipment today, and did not stop to try to correct the damage.	0	0	1	0	1	0	1	1	0
1040	Joy	I felt ... because I spent Christmas with my family.	0	0	1	0	1	1	1	1	1
611	Shame	I felt ... when someone commented that I was looking very untidy.	0	0	1	0	1	1	0	0	1
945	Guilt	I felt ... when I told a friend I was not well to avoid meeting them.	0	0	1	0	1	1	1	1	1
817	Fear	I felt … when our kitten escaped in the late evening and we thought he was lost.	0	0	1	1	1	0	1	0	1
745	Disgust	I felt … when someone I know abandoned their family because they had found a new partner and blamed it all on their ex.	0	0	1	0	1	0	1	0	0
1050	Sadness	I felt ... when I heard a family friend who had always been very nice to me died.	0	0	1	0	1	0	1	0	0
1114	Sadness	I felt ... when I saw how migrants die crossing the Mediterranean sea.	0	0	1	0	1	0	1	0	0
1029	Joy	I felt ... because we managed to get a mother bat to collect her baby that she had lost and fly off with it.	0	0	1	0	1	0	1	1	1
62	Anger	I feel ... because my ex-husband lies to my children and always puts himself first.	1	0	0	0	1	0	1	0	0
892	Fear	I feel a lot of … to stay alone at home.	1	0	0	0	0	1	0	0	0
360	Joy	I felt ... because I was going to see my favourite music artist perform live.	0	0	1	1	1	1	0	1	1
1140	Shame	I felt ... because my country is treating EU citizens terribly.	0	0	1	0	1	0	1	0	0
101	Disgust	I felt ... when having a meal with a group of people and one of them made a point of emphasizing a loud fart and trying to make it into a big laugh. I and others were ... and made it very clear.	0	0	1	0	1	0	1	0	0
1133	Shame	I felt ... when my girlfriend slapped me.	0	0	1	0	1	1	0	0	0
738	Disgust	I felt … when I watched my partner eating his Christmas dinner because he ate like an animal who'd not seen food for a week.	0	0	1	0	1	0	1	0	0
146	Disgust	I felt ... when I saw somebody kicking their dog.	0	0	1	0	1	0	1	1	0
275	Anger	I felt … when  I was waiting in line at the supermarket and someone cut in front of me.	0	0	1	0	1	1	1	1	0
406	Joy	I felt ... when my team won the cup.	0	0	1	0	1	0	1	0	0
971	Guilt	I felt ... when I took a sickie from work because my dog was ill.	0	0	1	0	0	1	0	1	1
664	Anger	I felt … when a seller left me totally unjustified negative feedback on eBay due to an item disappearing in the post.	0	0	1	0	1	1	0	0	1
413	Joy	I felt ... when my team won.	0	0	1	0	1	0	1	0	0
757	Disgust	I felt … because I found quite a lot of hairs on a piece of flat bread I had already bitten into at an Indian meal.	0	0	1	0	0	1	0	0	0
457	Anger	I felt … when my step dad kicked my dog. The dog wasn’t even in his way - he’d already moved, and he just launched himself at the dog kicking him. I was … because I hate anyone that hurts animals.	0	0	1	0	1	0	1	0	0
1178	Shame	I felt ... when a supposed friend of mine punched me in the back while I was bent down to tie a shoelace and, without thinking, I spun and punched him in the chest and, luckily, didn't break his fingers though they swelled up. I felt ... that I had reacted like that but it was an instinct to being punched in such a cowardly way.	0	0	1	0	1	1	0	0	0
1136	Shame	I felt ... as a teenager, I belonged to St John's Ambulance (a First Aid charity) and while walking with my Grandparents, I saw someone collapsed but, as there was a crowd around them, I didn't want to go and see if I could help so I just carried on walking, despite my Grandparents telling me otherwise. I later felt ... that I hadn't at least offered to help ad it still ... me to this day.	0	0	1	0	1	0	1	1	1
606	Shame	I felt ... giving a cheque to the managing agent which did not cover all I owed.	0	0	1	0	1	0	1	1	1
296	Guilt	I felt ... when I was stopped for driving while over the drink drive limit. I had to go to court and felt ... about the shame and embarassement I brought on my family.	0	0	1	0	1	1	1	1	1
697	Anger	I felt … when the neighbours’ son smashed my window with his football, and I was made to pay the damage by my landlord while the son continued to throw and kick his ball at my window.	0	0	1	0	1	1	0	0	0
531	Sadness	I felt ... when I left my old job through ill health. I was very ... to leave.	0	0	1	0	0	1	0	0	0
341	Guilt	I feel ... because I cheated on a previous girlfriend.	0	0	1	0	1	1	1	1	1
504	Sadness	I felt ... when my daughter miscarried her first child as she had been trying for a couple of years and was really looking forward to it. She would have been a lovely mother and it would have been another grand child for me.	0	0	1	0	1	0	1	0	0
533	Sadness	I felt ... when my mother-in-law passed away.	0	0	1	0	1	0	1	0	0
553	Sadness	I felt ... when my lover Pierre-Guillaume left me for another woman.	0	0	1	0	1	1	0	0	0
698	Anger	I felt … when my parents stopped me from following the career path I wanted when I was a teenager because it wasn't a traditional career.	0	0	1	0	1	1	0	1	0
933	Guilt	I felt ... when I broke my new phone.	0	0	1	0	0	1	0	0	1
594	Shame	I felt ... when I forgot to take my son to a football match because I didn't read messages in a text group carefully enough.	0	0	1	0	1	0	1	0	1
340	Guilt	I felt ... when I smacked my dog after he weed in the house.	0	0	1	0	1	0	1	1	1
180	Disgust	I felt ... when I was watching a programme on television that was very gory. It involved a celebrity doing horrible challenges like eating witchety grubs.	0	0	1	0	1	0	1	0	1
192	Fear	I felt ... on the last flight I took because there was a lot of turbulence the plane wasn't very big and it kept dropping. Some children were crying and it really ... me.	0	0	1	0	1	1	1	0	0
680	Anger	I felt … when I realised that there was an outbreak of head lice in my daughter's class. My daughter has hair down to the small of her back, so it's a lot of work to check thoroughly. One kid in the class wasn't checked as her mother had tv to catch it on that night. I'm still raging.	0	0	1	0	1	1	1	0	0
217	Fear	I felt ... when I first flew on a plane.	0	0	1	0	0	1	0	1	1
37	Anger	I felt ... when watching Prime Ministers Questions on TV at the way the MPs barracked and behaved. It was not appropriate.	0	0	1	0	1	0	1	0	1
158	Disgust	I felt ... because my child projectile vomited all over his bed, himself and the wall.	0	0	1	0	1	0	1	0	0
1125	Shame	I felt ... because I was a quizmaster at a party and I made a mess of it as I hadn't prepared adequately.	0	0	1	0	0	1	0	0	1
1038	Joy	I felt ... when I was in an amateur dramatics and got a singing part in a musical called Kiss Me Kate and got to sing a big number called To Darn Hot. The show ran for a week and I was able to perform this to hundreds of people each night.	0	0	1	0	1	1	0	1	1
285	Guilt	I felt ... when I was awarded a grant and a friend, who is worse off than me, was refused.	0	0	1	0	1	1	1	0	1
86	Anger	I felt ... when I was dumped by being ignored by the man I loved.	0	0	1	0	1	1	0	0	0
222	Fear	I felt ... because I had to climb a high ladder.	0	0	1	0	0	1	0	0	1
1022	Joy	I feel ... when I spend time with my partner, he makes me laugh and makes me forget about my problems when we're together. Spending time with family too fills me with ..., especially my mum.	0	0	1	0	1	1	0	1	1
61	Anger	I felt … when my ex husband managed to access my bank account and withdrew money from it to pay into his own account.	0	0	1	0	1	1	1	0	0
205	Fear	I felt ... when I was trapped in a subway train in New York with a crazy person threatening me and my friends with a broken bottle.	0	0	1	0	1	1	1	0	0
576	Shame	I felt ... when private messages between me and someone else were publicly posted on Facebook. I was ... because it was so embarrassing.	0	0	1	0	1	1	0	0	0
978	Joy	I felt ... because my child loved their Christmas gift so much they were almost in tears of joy.	0	0	1	0	1	0	1	0	1
1144	Shame	I felt ... when we saw my partner's sister on Boxing Day and had not realized she would be at his parents' place and had bought us gifts. We did not have anything to give her.	0	0	1	0	1	0	1	0	1
819	Fear	I feel … of becoming well known because of posting many photos on social media.  I like to remain as a private person and not be recognised just because I have posted online.	0	0	1	0	0	1	0	1	1
19	Anger	I felt ... when I saw a news report of people rioting and looting in my country.	0	0	1	0	1	0	1	0	0
1049	Sadness	I felt ... when my dad died as it was sudden and he was on his own at the time and I wish I could have been with him.	0	0	1	0	1	0	1	0	1
218	Fear	I felt ... when an aeroplane I was on hit a heavy turbulence and dropped a long way down suddenly.	0	0	1	1	0	1	1	0	0
486	Sadness	I felt ... when I wasn’t able to speak to a close friend when he was been sick in hospital. It made me ... because I wanted to be able to make him feel happier, and wasn’t able to do so.	0	0	1	0	1	1	1	0	1
1015	Joy	I felt ... when I watched a good movie.	0	0	1	0	0	1	0	0	1
1000	Joy	I felt ... when I was able to reunite an elderly relative with her beloved cat which had been missing for a few days.	0	0	1	0	1	0	1	0	1
394	Joy	I felt ... when my sister told me she was getting married, so ... for her after a fair few bad relationships.	0	0	1	0	1	0	1	0	0
841	Fear	I felt … when a couple were arguing right outside my living room window and I heard one of them smack into the window. I was … they were going to damage my house (that’s rented so I’d be forced to pay for the damage) but I was also … I’d be included in the argument then.	0	0	1	1	1	1	0	0	0
388	Joy	I felt ... when I got a new job.	0	0	1	0	0	1	0	0	1
293	Guilt	I felt ... at my last birthday, I got a present from my partner I didn't really want, it was expensive and I knew that we couldn't really afford it. I told him to take it back and he was very upset by it. I felt pangs of ... afterwards and knew I had dealt with it all wrong as the gift was given out of love and I responded with what appeared to be spite.	0	0	1	0	1	0	1	0	1
561	Sadness	I felt ... when my Granny passed away. It's her anniversary and I'm so ... again. I miss her so...	0	0	1	0	1	0	1	0	0
1019	Joy	I felt ... when one of my very shy foster cats came and sat beside me for a cuddle and purred contentedly.	0	0	1	0	1	0	1	0	0
1130	Shame	I felt ... when I was younger and I was caught cheating on a test in school. The teacher had seen me copying off someone else and gave me a warning about this.	0	0	1	0	1	1	0	1	1
213	Anger	I felt … when I saw a small bunch of drunk young guys taunting a homeless person late one evening in the city.	0	0	1	0	1	0	1	0	1
321	Guilt	I felt ... when I didn’t take my cat to the vets for a while and she got ill. I felt ... and thought it was my fault, even though it wasn’t. I couldn’t focus on anything because I felt so guilty.	0	0	1	0	1	0	1	0	1
196	Fear	I felt ... when climbing some rocks because of the height and the danger of slipping.	0	0	1	1	0	1	0	0	1
1120	Shame	I felt ... when I went to a party where I got quite drunk. While I was there I bumped into a neighbour and started talking to him. I only remember snippets of the conversation but I know that I embarrassed myself by saying stupid things. For ages I had to try and avoid bumping into him in my building.	0	0	1	0	1	1	0	0	1
378	Joy	I felt ... when my partner and I got married. It was on a beautiful day in the botanic gardens surrounded by all the people who matter to us.	0	0	1	0	1	1	0	1	1
792	Disgust	Ugh, the … that I felt whilst cleaning out the shower drain was unreal. My stomach was churning. Who knew hair conditioner could leave a slimy mess?	0	0	1	0	0	1	0	0	1
1080	Sadness	I feel ... when I watch my football team lose.	0	0	1	0	1	0	1	0	0
893	Guilt	I felt … when I let my dog out in the garden one and then forgot and went to bed in the morning the poor thing was crying outside the door.	0	0	1	0	1	0	1	0	1
610	Shame	I felt a sense of ... when once I had to take off my clothes in front of a nurse preparing me for having a vasectomy operation.	0	0	1	0	1	1	0	0	0
496	Sadness	I felt ... when my dad fell and hurt his ankle.	0	0	1	0	1	0	1	0	0
644	Shame	I felt ... when I attempted to steal a book in a store. I took the book with the intention of walking out the store without paying for it. A sense of ... came over me and I actually put the book back. Since that time I have never attempted anything like this again.	0	0	1	0	0	1	1	1	1
4	Anger	I felt ... when someone made a racist comment to my friend while we were in the supermarket.	0	0	1	0	1	0	1	0	0
638	Shame	I felt ... because I did something silly.	0	0	1	0	0	1	0	1	1
810	Fear	I felt … when I was on a small plane and there was a lot of turbulence.	0	0	1	1	0	1	1	0	1
1122	Shame	I felt ... that I had promised to make a charitable donation this Christmas instead of buying a particular present for somebody, and never actually got around to it.	0	0	1	0	1	0	1	1	1
529	Sadness	I felt ... when there was a documentary about starving african children on television.	0	0	1	0	1	0	1	0	0
60	Anger	I felt ... when my colleagues did not even bother to say goodbye to me when I got made redundant or even call me to say they were sorry I was going.	0	0	1	0	1	1	0	0	0
785	Disgust	I felt … when I saw the profits that were announced by British Gas when there is so much fuel poverty.	0	0	1	0	1	0	1	0	0
824	Fear	I felt … when I was zip lining in Costa Rica. I was up really really high and I looked down on the middle of a line this gave me … that I was going to fall and ultimately die.	0	0	1	1	0	1	0	0	1
736	Disgust	I felt … when found a dead caterpillar in a pre-packed salad.	0	0	1	0	1	1	0	0	1
310	Guilt	I felt ... because I looked at all the stuff that Santa has organised for my children, and I felt ... for all the children who will get nothing.	0	0	1	0	1	0	1	1	1
767	Disgust	I felt … when I saw a man shouting and swearing at his children.	0	0	1	0	1	0	1	0	0
1051	Sadness	I felt ... because I had a dog in my childhood and he died. I have very much loved my friend and very badly.	0	0	1	0	1	0	1	0	0
688	Anger	I felt … when as a young hairdresser I was closing up the shop.  My boss came in and was annoyed and angry that I had let my girlfriend into the shop while I was closing up.  We had an altercation over the incident.	0	0	1	0	1	1	0	1	1
523	Sadness	I felt ... when I saw rabbits looking very miserable in rather small cages in the city pet store, although these doubtless met all the regularity requirements.	0	0	1	0	1	0	1	0	1
1037	Joy	I felt ... when my daughter was born.	0	0	1	0	1	0	1	0	1
703	Anger	I feel … when work colleagues are not helpful in assisting with task at hand.	1	0	0	0	1	1	0	0	0
472	Sadness	I felt ... when my mother died after suffering from cancer for months.	0	0	1	0	1	0	1	0	0
424	Joy	I felt ... when my autistic son finally got a girlfriend. That we never thought would happen.	0	0	1	0	1	0	1	0	0
1008	Joy	I felt ... when an online order was delivered and the item was better than expected	0	0	1	0	0	1	0	0	1
1077	Sadness	I felt ... when a man I thought of as my grandpa passed away, and during his funeral which was today. It makes me ... because he’s going to be sorely missed, and his wife is now all alone and suffering a lot without him.	0	0	1	0	1	0	1	0	0
571	Shame	I felt ... when I couldn't find anyone to allow me to swap in with me on the hockey field. I was not good at team sports, always picked last, and the teacher had told me to swap in with someone, but everyone refused as they wanted a decent game.	0	0	1	0	1	1	0	0	1
130	Disgust	I feel ... when I see news headlines on television of how people have not cared for their children or have abused them.	0	0	1	0	1	0	1	0	1
582	Shame	I felt ... when I got intoxicated at a lively work Christmas party and said some rather unwise things to a senior colleague.	0	0	1	0	1	1	0	0	1
849	Fear	I feel … because car drivers frequently fail to see the stop light at a pedestrian crossing near to my home and carry on driving even though people are starting to walk across the road.	1	0	0	0	1	1	1	0	0
950	Guilt	I felt ... after I ate a whole box of chocolates in secret over Christmas when I was supposed to be sharing them, just because I was greedy.	0	0	1	0	0	0	1	1	1
351	Guilt	I felt ... when I lost a necklace that a friend had lent to me. It has sentimental value to her and I felt very ... for not taking more care of it.	0	0	1	0	1	0	1	0	1
474	Sadness	I felt ... when I read an article in the Times about David Baddiel's cat dying.	0	0	1	0	1	0	1	0	1
1182	Shame	I felt ... because I had put on weight and my work trousers didn't fit.	0	0	1	0	0	1	0	0	1
918	Guilt	I felt … when I told friends I was not well to avoid meeting them.	0	0	1	0	1	1	0	1	1
835	Fear	I felt … when awaiting the email results of an important and very expensive accountancy exam I had taken a few months previously.	0	0	1	1	0	1	0	0	0
724	Anger	I felt … because my partner was supposed to have been dealing with important tasks but I found he hadn't done them but watched TV instead.	0	0	1	0	1	0	1	0	0
1061	Sadness	I felt ... when my father was diagnosed with terminal cancer	0	0	1	0	1	0	1	0	0
1112	Sadness	I felt ... after learning that a bomb had gone off in Northern Ireland today he first for a while.	0	0	1	0	0	0	1	0	1
734	Disgust	I felt … when I went into my back garden and found someone’s cat had been pooping on my lawn and I had to pick up over 10 poops.	0	0	1	0	1	1	0	0	1
451	Joy	I felt ... when I received a call from an old friend I hadn't heard from in years.	0	0	1	0	1	1	0	0	0
242	Fear	I felt ... when a man grabbed me on the bus and didn't want to let me go. People around stared at both of us doing nothing. Eventually I managed to escape.	0	0	1	0	1	1	0	0	0
1162	Shame	I felt ... when I was fired from a job for not meeting achievement quotas regularly enough. This was something that made me feel ... as it was something that only happened to me at that time and I felt embarrassed in the context of my colleagues at that workplace.	0	0	1	0	1	1	0	0	1
899	Guilt	I felt … when I cheated on my husband.	0	0	1	0	1	1	1	1	1
803	Disgust	I feel … when I eat some out of date food.	0	0	1	0	0	1	0	0	1
1173	Shame	I felt ... when I turned up drunk at a party and made a show of myself.	0	0	1	0	0	1	0	0	1
876	Fear	I felt … when I realised that I made a mistake at work.	0	0	1	0	0	1	0	0	1
300	Guilt	I felt ... when I couldn't visit a relative because I was ill.	0	0	1	0	1	1	0	0	1
1148	Shame	I felt ... because other people knew that I hadn't been seeing my ill brother as often as I could have been doing.	0	0	1	0	1	1	0	1	1
179	Disgust	I felt ... reading about the life of the Kardashians.	0	0	1	0	1	1	0	1	1
597	Shame	I felt ... one Christmas as one of our patients lives alone and would be spending Christmas by herself. I arranged for her to spend the day with her local church. They were going to pick her up and she would spend the day with other people who would otherwise be on their own. When I visited her after Christmas and asked her if she enjoyed Christmas day, she told me that they had forgotten to pick her up. I felt ... as if I had let her down even though I couldn't have done anymore.	0	0	1	0	1	0	1	0	1
382	Joy	I felt ... when I received a bonus at work.	0	0	1	0	0	1	0	0	1
564	Shame	I felt ... when I was arrested for stealing.	0	0	1	0	0	1	0	1	1
983	Joy	I felt ... because my daughter was handpicked to travel abroad to prepare an advertising campaign for a well known charity.	0	0	1	0	1	0	1	0	0
988	Joy	I felt ... when I saw my eldest son home from university after three months away.	0	0	1	0	1	1	0	0	1
885	Fear	I felt … when I first realised that the UK may not leave the EU with a deal and my … was, and still is, that I may struggle to feed my family if there are shortages/delays and that I slowly need to build a supply of non-perishable goods just in case.	0	0	1	1	1	1	1	0	1
888	Fear	I felt … when I watched a series on Netflix about a stalker and then got … in the house on my own.	0	0	1	0	1	1	0	0	1
774	Disgust	I felt … when my girlfriend left it to me to clean out the cat litter tray, first thing in the morning.	0	0	1	0	1	1	0	0	0
746	Disgust	I felt … when I saw a woman pissing on the street.	0	0	1	0	1	0	1	0	1
631	Shame	I felt ... when I shouted at my children with a lost temper which was uncalled for. Of course I apologised, but I carried the ... of it.	0	0	1	0	1	1	1	1	1
895	Guilt	I felt … when I did not stay to do New Year with my parents.	0	0	1	0	1	1	0	1	1
291	Guilt	I felt ... that I moan about a life that is essentially privileged and comfortable, when there is real poverty in the world, even on the streets of my city.	1	0	0	0	0	1	0	1	1
677	Anger	I felt … when Liverpool FC lost against Wolves.	0	0	1	0	1	0	1	0	0
982	Joy	I felt ... when I had a fab new years night out with my family and friends.	0	0	1	0	1	1	0	0	1
759	Disgust	I felt … when I saw some food that had gone bad.	0	0	1	0	0	0	0	0	1
560	Sadness	I felt ... when my grandmother died as she was the only one who understood me.	0	0	1	0	1	0	1	0	0
1068	Sadness	I felt ... when my husband left me after 16 years and I realised he wouldn't be coming back to me and my children.	0	0	1	0	1	1	1	0	0
282	Guilt	I felt ... because I could not help a friend when she was really in need of help but I had already promised to be somewhere else that week, and could not let that person down.	0	0	1	0	1	0	1	0	1
882	Fear	I felt … when I was out late at night and was aware that some dangerous people were around.	0	0	1	1	1	1	0	0	1
682	Anger	I felt … when I saw dog dirt left on a public footpath probably because the owner couldn't pick it up.	0	0	1	0	1	1	0	0	1
1059	Sadness	I felt ... when I watched a sad film.	0	0	1	0	1	1	0	0	1
223	Fear	I felt ... when I lay awake during the night and kept hearing unusual sounds coming from downstairs, though I tried to rationalise them so as not to get up and investigate.	0	0	1	0	0	1	0	0	1
497	Anger	I felt … when I had managed to get tickets in order to see the Backstreet boys. I had done lots of preparation in advance including registering on the site and setting an alarm for when the tickets went on sale. I felt … as I logged in at 9am to buy them and by the time the page had loaded they had sold out. When checking other sites some were already being sold for triple the amount which made me … .	0	0	1	0	1	1	0	0	1
1023	Joy	I felt ... when my family came to visit me to celebrate my 50th birthday.  It was great to have aunts and cousins as well as closer family having a good time together.	0	0	1	0	1	1	0	0	0
778	Disgust	I felt … because the shop I used to work in stored all the damaged fresh meat in a storeroom fridge and I was sent in to clean it out and it was crawling full of maggots.	0	0	1	0	0	1	0	0	0
867	Fear	I felt … when a horse bolted with me, the saddle slipped and I could see I was going to get badly injured when I would eventually fall off.	0	0	1	1	0	1	0	0	1
787	Disgust	I felt … at seeing the amount of rubbish floating in our rivers recently.	0	0	1	0	0	0	0	0	1
937	Guilt	I felt ... when competing in a competition and I took the winning spot just seconds before the contest was over. The person that was bumped down to second was a child and they were very upset at losing. I hadn’t intentionally overtaken them and felt really ... about making them sad.	0	0	1	0	1	1	1	0	1
630	Shame	I felt ... when I smacked my granddaughter in public when she was being very naughty.	0	0	1	0	1	0	1	1	1
1074	Sadness	I felt ... because one of my friends was mistreated by her husband.	0	0	1	0	1	0	1	0	0
954	Guilt	I felt ... when I took my Dad's scissors from his drawer when I was not supposed to.	0	0	1	0	1	1	0	1	1
707	Anger	I felt … when I was pestered for change by a street beggar as I walked along the road.	0	0	1	0	1	1	0	0	0
979	Joy	I felt ... when I received an amazon voucher for a Christmas present - not only was it larger than I had reason to expect, but I now have enough in my gift card balance to buy a fitness tracker.	0	0	1	0	0	1	0	0	0
72	Anger	I felt ... when a woman on the bus refused to fold her child’s buggy up to allow a wheelchair user to board.	0	0	1	0	1	0	1	0	0
832	Fear	I felt … because I had to give a presentation at work.	0	0	1	0	0	1	0	0	1
35	Anger	I felt ... because my husband's former wife kept his children away for him one weekend and influenced them not to see us.	0	0	1	0	1	0	1	0	0
676	Anger	I felt … once when a customer at work was really rude and started shouting at me that I wasn't competent enough to do my job even though I did the task correctly and he was incorrect - he was just angry because he lost a hand of poker and was looking for someone to blame.	0	0	1	0	1	1	0	0	0
896	Guilt	I felt a lot of … when I lied to my mother that I didn't smoke.	0	0	1	0	1	1	0	1	1
1157	Shame	I felt ... when I drank too much and fell asleep.	0	0	1	0	1	1	0	0	1
944	Guilt	I felt ... because I forgot to do something that I promised I would do for someone.	0	0	1	0	1	0	1	0	1
1045	Joy	I felt ... when I rescued a dog at the local shelter and he became my best friend.	0	0	1	0	1	1	1	1	1
177	Disgust	I felt ... when I found half a sausage roll caked in fluff hidden down the back of my bed's headboard.	0	0	1	0	0	0	0	0	1
83	Anger	I felt ... at a recent news story, where a rapist was trying to get sole custody of the child that resulted from the rape.	0	0	1	0	1	0	1	0	0
635	Shame	I felt ... when I made a mistake at work and lost the company money.	0	0	1	0	0	0	1	0	1
416	Joy	I feel ... when Oldham Athletic manage to stay in the premiership.	0	0	1	0	1	0	1	0	0
1113	Sadness	I felt ... because I missed seeing my son when he couldn't visit as he wasn't feeling well.	0	0	1	0	1	1	0	0	0
869	Fear	I felt … when I thought I had lost my wallet.	0	0	1	0	0	1	0	0	1
798	Disgust	I felt … at my boyfriend because he was kicking a cat.	0	0	1	0	1	0	1	0	0
1135	Shame	I felt ... when I failed my ninth year at high school.	0	0	1	0	0	1	0	1	1
802	Disgust	I felt … when I had to plunge the toilet as it had gotten clogged.	0	0	1	0	0	1	0	1	0
419	Joy	I felt ... riffing out a song with the man I loved outside a pub in Chelsea.	0	0	1	0	1	1	0	1	1
663	Anger	I felt … because my computer crashed.	0	0	1	0	0	1	0	0	0
189	Fear	I felt ... when I had to walk back alone after a night out in London, having recently been reading a lot of news about an increase in the occurrence of stabbings in the capital.	0	0	1	1	0	1	0	0	0
1021	Joy	I felt ... when I was a young child in 1980 at the age of of just ten. I was waiting desperately for my computer to arrive which was the Sinclair ZX80 that my dad had ordered from Sinclair Research, I was absolutely addicted to computers as an autistic child but only had access to one for a limited time when my dad occasionally brought a Commodore Pet home from work and I was absolutely desperate to get a computer of my own. Every day I'd come back from school desperately hoping it had arrived to another day of disappointment. When it finally arrived after lots of delays I felt a huge amount of intense ... and also excitement, it was one of the best warm feelings as an autistic child I could have felt, it was like all my Christmas's had come together in one, I couldn't wait to get it connected and only my parents forcing me to go to bed later that night forced me away from it or I would have stayed up all night and the ... of receiving it remained for a long time, this remained an obsession that never ended. It's probably difficult to understand how much ... I felt to receive such a basic computer by someone who doesn't have an addictive autistic interest like I did and still have, but I haven't stopped using computers every day since then and I'm now 49 years old.	0	0	1	0	1	1	0	0	0
924	Guilt	I feel ... because I didn't spend as much time as I should with my ill brother before he died.	0	0	1	0	1	0	0	1	1
846	Fear	I felt … when I applied for low-paid job at a place where lots of people knew me as a 'professional'. I felt … because people would know that I had 'failed' at what I had been trying to achieve for the last few years.	0	0	1	0	1	1	0	1	1
1041	Joy	I felt ... when my daughter did really well in her exams.	0	0	1	0	1	0	1	0	0
752	Disgust	I felt … when there was a couple in the next caravan to me on a caravan site. When they opened their caravan after the winter season it was full of flies.	0	0	1	0	1	0	0	0	0
1152	Shame	I felt ... when I said something inappropriate to a friend and then wished I had never opened my mouth.	0	0	1	0	1	0	1	1	1
115	Disgust	I felt ... when I let a man spit me on the face during a sexual intercourse. I wasn't expecting him to spit me in the face and I really felt sick after.	0	0	1	0	1	1	0	0	1
93	Disgust	I felt ... when yesterday I watched a lady let her dog poo outside my back gate and then just walk off without picking it up. It was ... and I really don’t like people who let that happen and don’t pick it up.	0	0	1	0	1	0	0	0	1
1110	Sadness	I felt ... when my mother passed away from cancer.	0	0	1	0	1	0	1	0	0
755	Disgust	I felt … towards my friend because he stole my book.	0	0	1	0	1	1	0	0	0
671	Anger	I felt … when my son let one of our cats out when I specifically asked him not to because I had to take him to the vet.	0	0	1	0	1	0	1	0	0
973	Guilt	I felt ... because I was supposed to buy an urgent item for my partner but I forgot and the shops were closed by the time I remembered.	0	0	1	0	1	0	1	0	1
970	Guilt	I felt ... when I inadvertently failed to pay the 5p charge for a carrier bag when using the self service checkout machine at my local supermarket.	0	0	1	0	0	0	1	0	1
269	Fear	I felt ... when my son came out in a purple rash all over his body. The doctor didn't know what it was, nor did A&E. It was the not knowing how to help him that was worst.	0	0	1	0	1	0	1	0	0
1183	Shame	I felt ... when I was sat in the dentists waiting room which was full of people and I looked down and a pair of my knickers were hanging out the bottom of one of my trouser legs.	0	0	1	0	0	1	0	0	1
953	Guilt	I felt ... when I overindulged.	0	0	1	0	0	1	0	1	1
720	Anger	I felt … when I wasn't well, no one else in my household did anything to help around the house and just left me to it.	0	0	1	0	1	1	0	0	0
939	Guilt	I felt ... when our cats was mauled because the night before we found her I had passed her in the garden she lay in and the ... of that still bothers me, was she alive? Even the fact she was out in the cold all night.	0	0	1	0	1	0	1	0	0
89	Disgust	I felt ... because I bought a bacon sandwich from the deli and the bacon had been cremated.	0	0	1	0	0	1	0	0	1
1006	Joy	I feel ... hearing my son’s laugh.	0	0	1	0	1	1	0	0	0
1097	Sadness	I felt ... when my oldest cat had to be put to sleep because an inoperable tumour was found.	0	0	1	0	1	0	1	0	0
1030	Joy	I felt ... when I watched my children open their Christmas presents and felt such joy at them being so happy and content.	0	0	1	0	1	0	1	0	1
190	Fear	I felt ... because I woke up one night recently and was convinced there was someone in my bedroom. I was ... to even breathe and was listening so closely to establish if indeed, there was someone in the room. After what seemed like an age, I ventured out of the bed and checked everywhere in the room, but found nobody. The ... that I felt affected me badly, so much so that I was unable to sleep any more that night.	0	0	1	0	1	1	0	0	1
1067	Sadness	I felt ... when my mother passed away.	0	0	1	0	1	0	1	0	0
706	Anger	I felt … when I watched elected MPs being harassed by protestors.	0	0	1	0	1	0	1	0	1
149	Disgust	I felt ... watching "I'm a celebrity" when the contestants have to drink and eat certain parts of animals anatomy that we wouldn't normally eat, and drink glasses of liquid. The worst was a glass of fish eye juice. It was a full glass and the contestant had to drink it all. That was ...	0	0	1	0	1	0	1	0	1
634	Shame	I felt ... when I lied about the reliability of a second hand bicycle I sold, neglecting to mention a problem with the crankset.	0	0	1	0	0	0	1	1	1
475	Sadness	I felt ... when my mother died age only 59. I sat with her as she took her last breath and have never felt ... like it.	0	0	1	0	1	0	1	0	0
28	Anger	I felt ... that another teenage child had been bullying my son at high school, resulting in him injuring his wrist and requiring a visit to the local hospital.	0	0	1	0	1	0	1	0	0
1063	Sadness	I felt ... when I found out one of my favourite shops had shut down.	0	0	1	0	0	0	0	0	1
1017	Joy	I felt ... when I was on holiday and saw the sea for the first time.	0	0	1	0	0	1	0	0	1
39	Anger	I was ... when my partner came home very drunk after a night out with his friends. He then proceeded to tell me everything that was wrong with myself and was very hurtful. I was so ... I didn’t speak to him for a week.	0	0	1	0	1	1	0	0	0
356	Guilt	I felt ... because I hoard things rather than be parted with them. I'm sure they'd be better use with someone else, but I keep in case things would 'come in'.	1	0	0	0	0	0	0	1	1
467	Sadness	I felt ... when my house from a few years ago got damaged by burst pipes and flooded internally. Most of our belongings were destroyed and we had to move out for nearly 18 months while the house dried out and was refurbished. It was an awful lot of hassle and upheaval.	0	0	1	0	1	1	1	0	0
526	Sadness	I feel ... because I am depressed.	1	0	0	0	0	1	0	0	0
740	Disgust	I felt … when I saw a news article about a dog being abandoned by his owner in a road. The owner was then seen speeding off and the dog ran after him. I felt … that someone could treat an animal that way. It made me feel such … I couldn't finish reading the article.	0	0	1	0	1	0	1	0	1
155	Disgust	I felt ... when I had to clean up after people.	0	0	1	0	1	1	0	1	0
391	Joy	I felt ... after the birth of my first grandchild.	0	0	1	0	1	0	1	0	0
493	Anger	I felt … when the Welfare Officer at Cat's Protection League didn't listen to me regarding a cat's welfare when I knew better because I was fostering the cat.	0	0	1	0	1	1	0	0	0
1169	Shame	I felt ... when I realised I was boasting about all the holidays I had to look forward to and remembered my best friend wouldn't have any as she couldn't afford it.	0	0	1	0	1	0	1	1	1
628	Shame	I felt ... when my credit card was refused in a shop.	0	0	1	0	0	1	0	0	0
1078	Sadness	I felt ... because my friend died after a secret battle with breast cancer.  She lied to her friends for 10 years so it was a mixture of ... at her death and that she didn't feel she could share her load so her friends could help.	0	0	1	0	1	0	1	0	0
678	Anger	I felt … when I read the news and saw that Donald Trump was, effectively, stopping thousand of workers from working and holding the entire United States hostage so that he can get the funding for his stupid and ludicrous border wall, especially at a time when people living below the poverty line is in the millions and the money would be better spent than on a wall which, in all likelihood, will make no difference.	0	0	1	0	1	0	1	0	0
883	Fear	I felt … when I was attacked by a big dog, while walking in a park.	0	0	1	0	1	1	0	0	0
290	Guilt	I felt ... because I lied to my partner about having an affair.	0	0	1	0	1	0	1	1	1
946	Guilt	I felt ... when I watched a documentary that showed footage of farms of pigs and chickens and as a meat eater I felt awful guilt at how they are treated.	0	0	1	0	1	1	0	0	1
941	Guilt	I felt ... when I bumped into a neighbour in the supermarket who I usually ignore because she lets her kids run riot but then I felt ... that maybe I was being unnecessarily harsh.	0	0	1	0	1	0	0	1	1
1036	Joy	I felt ... when I spent time with my kids.	0	0	1	0	1	1	1	1	1
770	Disgust	I once felt … when I stepped into some dog excrement on the pavement. It was in the days long ago when people were not expected to clean up after their pets.	0	0	1	0	1	1	0	0	1
818	Fear	I felt … when I thought my son could be in trouble when mountain climbing.	0	0	1	0	1	0	1	0	1
641	Shame	I felt ... when I shouted at someone for no good reason	0	0	1	0	1	0	1	1	1
38	Anger	I felt ... when my computer crashed.	0	0	1	0	0	1	0	0	0
317	Guilt	I felt ... when I told a lie to get out of an appointment, when there was not really any reason why I could not attend.	0	0	1	0	0	0	0	1	1
725	Anger	I felt … when I'd been working all day and asked my ex husband to pick up a takeaway. He wanted to go to the pub to watch rugby and I said I would pick him up when I got there he was stood outside and had forgotten about the takeaway just bought a kebab for himself.	0	0	1	0	1	1	0	0	0
875	Fear	I felt … while hanging onto the side rope of a raft in a white water rapid with a rock coming up very quickly with my name on it.	0	0	1	1	0	1	0	0	1
1055	Sadness	I felt ... when I had to leave to go home on Christmas Day, I knew I would miss my family going back home and Christmas was all but over.	0	0	1	0	1	1	0	0	1
1010	Joy	I felt ... when the lady who was my first crush gave me a smile last week.	0	0	1	0	1	1	0	0	0
905	Guilt	I feel… because I lied to my partner.	0	0	1	0	1	0	1	1	1
53	Anger	I felt ... when the police did not update me on a crime.	0	0	1	0	1	1	0	0	0
390	Joy	I felt ... when I opened my A-Level results and achieved good enough grades to get to my first choice university.	0	0	1	0	0	1	0	1	1
972	Guilt	I felt ... when I stole a pencil from a shop by mistake, but went too far away to return it.	0	0	1	0	0	0	1	0	1
743	Disgust	I felt … when I saw someone saying something intentionally unkind to someone else.	0	0	1	0	1	0	1	0	1
311	Guilt	I felt ... when I had a car accident and put two teenagers boys in hospital.	0	0	1	0	1	0	1	0	1
209	Fear	I felt ... when it was dark and I was in an unknown area.	0	0	1	0	0	1	0	0	1
1180	Shame	I felt ... that when I was in my teen years I never did well at school. On one occasion I brought home a school report card which was full of the just about the worst grades you can get.  My mother showed her displeasure towards me.	0	0	1	0	1	1	0	0	1
974	Joy	I felt ... when my first grandchild was born and my son rang me straight away and wanted me to go into the hospital to see the baby.	0	0	1	0	1	0	1	0	0
279	Fear	I felt ... when I had to remove a large spider from the house.	0	0	1	0	0	1	0	0	1
1084	Sadness	I felt ... when my boyfriend of several years broke up with me.	0	0	1	0	1	1	0	0	0
994	Joy	I felt ... because I had hit my goal for the day.	0	0	1	0	0	1	0	1	1
176	Disgust	I felt ... driving through my nearest city late one Saturday night and seeing groups of young males vomiting and urinating in various shop doorways.	0	0	1	0	1	0	1	0	1
815	Fear	I felt … when housesitting a cottage in the countryside a few autumns ago for some friends who had gone abroad. That particular weekend was rather windy;  I was all alone and there were all sorts of strange sounds making me uneasy.	0	0	1	0	1	1	0	0	1
524	Sadness	I felt ... when my daughter was upset because of a bad relationship.	0	0	1	0	1	0	1	0	0
868	Fear	I felt … when as a teenager, my best friend talked me into going on a rollercoaster where you hang underneath in a seat with your feet free and the coaster went upside down once or twice and I felt intense … as I had a thing about heights as it was. I have been on coasters since and felt uneasy but that time I felt pure …	0	0	1	0	1	1	0	1	1
1190	Shame	I felt ... one night when I was younger, I went out for a night drinking with a friend and I ended up dancing and kissing a girl in a club, despite the fact I already had a girlfriend, and I felt so much ... the next couple of days that I broke up with my girlfriend the next time we spoke.	0	0	1	0	1	1	1	1	1
1141	Shame	I felt ... that I lied about my employment experience on a job application letter.	0	0	1	0	0	0	1	1	1
758	Disgust	I felt … seeing celebrities waste money on vanity.	1	0	0	0	1	0	1	0	0
58	Anger	I felt ... when someone hit my wife's car and drove away.	0	0	1	0	1	0	1	0	0
793	Disgust	I felt … when I heard that two of my daughter's friends had been fighting at school.	0	0	1	0	1	0	1	0	0
10	Anger	I felt ... when my neighbour dumped his rubbish in my garden and started to scream nonsense about my garden belonging to him.	0	0	1	0	1	1	0	0	0
833	Fear	I felt … because my youngest daughter ran off when my other daughter was using a public toilet. I didn't know whether to run after her or stay with my other daughter and was very scared.	0	0	1	0	1	0	1	0	1
483	Sadness	I felt ... because my mother died of cancer. It was the biggest loss I ever had and I still miss her everyday.	0	0	1	0	1	0	1	0	0
685	Anger	I felt … when I heard someone gossip about a friend of mine.	0	0	1	0	1	0	1	0	0
801	Disgust	I felt … when I saw the amount of dog mess left along a footpath near my home, ruining what would otherwise be a wonderfully pleasant walk.	0	0	1	0	0	0	0	0	0
232	Fear	I felt ... because there was a very loud and unexpected bang behind me.	0	0	1	0	1	1	0	0	0
612	Shame	I felt ... because my dog was aggressive with another smaller dog for no obvious reason.	0	0	1	0	1	0	1	0	0
40	Anger	I felt ... when someone I gave a job to lied about me to my boss and helped get me fired.	0	0	1	0	1	1	0	0	0
306	Guilt	I felt ... that I moved away to another country from my family as I met my partner. Although my children are now older and both have their own lives, I feel I should be nearer them to support them.	0	0	1	0	1	0	1	1	1
432	Joy	I felt ... when I gave birth to each of my children, and I think it got more ... with each child as I wasn't worrying as much about the process! The wonder of meeting a small person who had been hidden away was incredible.	0	0	1	0	1	0	1	0	1
911	Guilt	I felt … when I crashed my grandfather's car.	0	0	1	0	1	0	1	0	1
739	Disgust	I felt … when I saw a bag full of moulded bananas on my kitchen counter. I felt … because I’d already cleaned the space and somehow missed them, so I had to clean it all again.	0	0	1	0	0	0	0	0	1
675	Anger	I felt … when the referee awarded a penalty against my football team when there was no question it was a clear challenge.	0	0	1	0	1	1	1	0	0
353	Guilt	I felt ... when I broke a glass cabinet at a party.	0	0	1	0	0	0	0	0	1
22	Anger	I felt ... because one of my children lied. I taught them not to, but natural sin came out and I was surprised to find myself so cross.	0	0	1	0	1	0	0	0	0
1058	Sadness	I was ... when I found out a close family friend passed away. It was out of the blue so we didn’t know it was going to happen, so it was very sad.	0	0	1	0	1	0	1	0	0
1132	Shame	I felt ... when I remember being part of a group of children at school who verbally bullied another child.	0	0	1	0	1	0	1	1	1
1009	Joy	I felt ... when my current boyfriend asked me to be exclusive with him. I really liked him and was glad he felt the same way and wanted things to go in the same direction.	0	0	1	0	1	1	1	0	0
52	Anger	I felt ... when someone accused me of spreading a rumour, but I had nothing to do with it.	0	0	1	0	1	0	1	0	0
1164	Shame	I felt ... because I was caught out lying about my diary engagements to escape a celebration meal with my inlaws.	0	0	1	0	1	1	0	1	1
730	Disgust	I felt …  because I was eating a bag of pistachio nuts when I realised that one of them tasted bad. I took it out of my mouth and realised it was black and that it must have gone bad. I then noticed that it had a dead maggot inside it. I felt such … that I had been chewing it that I felt sick for hours. So gross.	0	0	1	0	0	1	0	0	1
492	Sadness	I felt ... when there was a tsunami in Thailand because lots of people were killed.	0	0	1	0	1	0	1	0	0
809	Disgust	I felt … when I blamed me for doing nothing.	0	0	1	0	0	1	0	1	1
786	Disgust	I feel … because the government fails to listen to the people but steams on with its own ideas and plans anyway.	0	0	1	0	1	1	1	0	0
555	Sadness	I felt ... when I saw an old man waiting alone at the bus stop in the rain with his shopping bags, wondering if he had any family or friends who might be helping him out.	0	0	1	0	1	0	1	0	1
1185	Shame	I felt ... when I made a mistake at work and somebody else was blamed.	0	0	1	0	1	0	1	0	1
503	Sadness	I felt ... when watching children in need and seeing some of the stories the families had.	1	0	0	0	1	0	1	0	1
780	Disgust	I felt … when I found a child pooping in my garden - which isn’t accessible to the public. His mother didn’t seem to think he’d done anything wrong and even said I shouldn’t have been watching. It wasn’t even cleaned up. I was left with poop in the middle of my yard by a child, which I had to clean up.	0	0	1	0	1	1	0	0	0
462	Sadness	I felt ... when my grandad died.	0	0	1	0	1	0	1	0	0
1056	Sadness	I felt ... when I had to tell an old friend, who I hadn't seen for years, that someone she had known very well had died from cancer.	0	0	1	0	1	1	1	1	0
704	Anger	I felt … when I read a report of suspected Chelsea football club supporters chanting anti-semitic chants and sexually abusing female passengers on a UK train as no rail passengers should be subjected to such animals and it made me feel even more … when I realised that they will likely never be caught and punished and so they will continue with their despicable and cowardly behaviour.	0	0	1	0	1	0	1	0	0
1092	Sadness	I felt ... when it was my uncle’s funeral and he’d died from cancer despite fighting it every step of the way. I felt ... that he knew he was dying and couldn’t do anything about it and he wouldn’t be around to see his granddaughter grow up.	0	0	1	0	1	0	1	0	0
502	Sadness	I feel ... when I think about the effects of BREXIT on destroying peace in Europe.	1	0	0	0	1	1	1	0	0
421	Joy	I felt ... when I saw bees coming back to my garden after few years of absence.	0	0	1	0	0	0	0	0	0
339	Guilt	I felt ... because I accidentally killed my pet fish by decorating his tank with untreated sand.	0	0	1	0	1	0	1	0	1
444	Joy	I felt ... because my boyfriend proposed to me on my Birthday this year. He took me away to New York and set up rose petals with little messages for me to find and then got down on one knee and asked me to marry him, I felt such ... and was overcome with emotion.	0	0	1	0	1	1	0	0	0
779	Disgust	I felt … when my son showed me his ingrown toenail.	0	0	1	0	1	0	1	0	0
579	Shame	I felt ... that the neighbours in the small village that I lived in knew that my ex husband was messing around on the internet chatting up other women before I did.	0	0	1	0	1	1	0	0	0
858	Fear	I feel … because life is an unknown, and it's not knowing in life that brings me fear. It's … sometimes. I feel it everyday.	0	0	1	0	0	1	0	0	0
301	Guilt	I felt ... because I encouraged a boyfriend to like me and then later split up with him. It was wrong of me to be as encouraging I was with the reservations I had.	0	0	1	0	1	0	1	1	1
721	Anger	I felt … when I forgot to put on the yogurt maker even though I looked at it and had just said I wanted to put  it on. I felt … with myself.	0	0	1	0	0	1	0	0	1
1166	Shame	I felt ... when my husband told all his friends that it was my fault we had split up and told people a secret we had.	0	0	1	0	1	1	0	0	0
520	Sadness	I felt ... because a guy that I was dating suddenly changed and went cold and I had no idea why.	0	0	1	0	1	1	0	0	0
438	Joy	I felt ... when my son came down for breakfast early, because I was playing some fun music tracks on the phone. We danced along to the music as we ate breakfast.	0	0	1	0	1	1	1	0	1
1105	Sadness	I felt ... when my father got scammed again.	0	0	1	0	1	0	1	0	0
251	Fear	I felt ... when I was riding my motor scooter too fast and saw that I was going to hit a car. I hit the car and was not badly hurt but it was a ... experience.	0	0	1	0	0	1	1	0	1
1134	Shame	I felt ... when my dad had his little toe cut off because of diabetes and I recognised that if I didn't change my lifestyle that could be me and that I was ... of who I was.	0	0	1	0	1	0	1	0	0
804	Disgust	I felt … when I let go of myself last year. I wasn't in a good place, but eventually I didn't recognise myself (physically or how I was acting) and I felt … at myself for not trying to be the best person I could and wasting so much time.	0	0	1	0	0	1	0	1	1
1121	Shame	I felt ... when I found out that my daughter had been having a difficult time and I didn't realise straight away what she was going through.	0	0	1	0	1	0	0	0	1
162	Disgust	I felt ... when I was served almost a chicken head as a traditional dish in the south of Italy.	0	0	1	0	0	1	0	0	1
124	Disgust	I felt ... when I ate something I thought was fresh pineapple and looked at the rest of it and saw it was squirming.	0	0	1	0	0	1	0	0	1
814	Fear	I felt … when my daughter was getting bullied at school and I thought she was in danger.	0	0	1	0	1	0	1	0	0
609	Shame	I felt ... when I offended a young woman.	0	0	1	0	1	0	1	1	1
105	Disgust	I felt ... when my mom offered me curry.	0	0	1	0	1	1	0	0	0
92	Disgust	I felt ... when I saw a security man handling a homeless guy outside a shop, my ... was due to the fact they were not treating him like a human.	0	0	1	0	1	0	1	0	1
1091	Sadness	I felt ... because I did not get active members to work on my website.	0	0	1	0	0	1	0	1	1
914	Guilt	I felt … because I bought two cakes one for me and one for my partner but I ate them both before he got home and didn't tell him I'd bought them.	0	0	1	0	1	0	0	1	1
112	Disgust	I felt ... when I stepped in some dog excrement whilst walking on a footpath to the library.	0	0	1	0	0	1	0	0	1
1060	Sadness	I felt ... when I heard that my husband's mother had to go back into hospital again after days of being home and appearing to get well.	0	0	1	0	1	0	1	0	1
889	Fear	I felt … when my friends baby started choking, she froze and started panicking, I took the baby off her turned it upside down and slapped its back a few times she coughed a few times then calmed down and started breathing normally.	0	0	1	0	1	0	1	1	0
79	Anger	I feel … because I can't stand when people lie.	0	0	1	0	1	0	0	0	1
237	Fear	I felt ... when I saw someone else got stabbed near me in Cartagena in Colombia.	0	0	1	0	1	0	1	0	1
294	Guilt	I felt ... when I forgot our anniversary.	0	0	1	0	1	0	0	0	1
657	Shame	I felt ... when I did not volunteer to drive my parents back from London, when they said mum did not want dad to drive in the dark.	0	0	1	0	1	0	1	1	1
556	Sadness	I felt ... when I saw a recent wildlife documentary where the young babies died.	0	0	1	0	1	0	1	0	1
776	Disgust	I felt … when I went on holiday to Tunisia and it was an all inclusive holiday, a lady was eating a plate full of prawns in their shells and the flies were all over them.	0	0	1	0	1	0	1	0	0
389	Joy	I felt ... when my best friend had a little boy, who she had been trying for years for.	0	0	1	0	1	0	1	0	0
932	Guilt	I felt ... when, as a University student, I went nightclubbing and, having got home, needed cigarettes and decided to drive to the shop at 3am. I shouldn't have done it as I had too much to drink and I felt very guilty about it the next day. Luckily, it hadn't resulted in anything untoward but it was the only time it ever happened.	0	0	1	0	0	1	0	0	1
929	Guilt	I felt ... when I couldn’t visit my mum every day, whilst she was in hospital.	0	0	1	0	1	0	1	0	1
491	Anger	I feel … when I see politicians grinning at food bank photo opportunities before swanning off in their warm cars to a heated house with a full kitchen of food.	0	0	1	0	1	0	1	0	1
583	Shame	I felt ... when I was in school and myself and some friends were playing outside. The ball we were playing with went through the school window and smashed it. We were brought in front of the school principal where he proceeded to chastise us.	0	0	1	0	1	1	1	0	1
532	Sadness	I felt ... when I saw a homeless man with a dog on the street.	0	0	1	0	1	0	1	0	1
1155	Shame	I felt ... because Britain voted to leave the EU.	0	0	1	0	1	1	1	0	0
1131	Shame	I felt shame when I let down a friend who was relying on me to do a job at his house.	0	0	1	0	1	0	1	1	1
522	Sadness	I felt ... when my father was diagnosed with dementia and stopped acting as a rational human being.	0	0	1	0	1	0	1	0	0
769	Disgust	I felt … when I found out that my ex had been cheating on me and hadn’t had any STI checks or anything. I felt … at the idea that he had cheated on me and that he could’ve passed diseases on to me and didn’t even care.	0	0	1	0	1	1	0	0	1
920	Guilt	I felt ... when I told my boyfriend his favourite programme wasn’t on the telly because he watches it all the time and I wanted to watch something else.	0	0	1	0	1	0	1	1	1
359	Guilt	I felt ... because I drank way too much, knowing that I had things to do the next day.	0	0	1	0	0	1	0	1	1
85	Anger	I felt ... when someone overtook my car on a blind bend and nearly caused an accident.	0	0	1	0	1	1	1	0	0
620	Shame	I felt ... when I ate my whole Easter egg in one go.	0	0	1	0	0	1	0	1	1
337	Guilt	I felt ... when I laughed at a milkman falling over.	0	0	1	0	1	0	1	1	1
36	Anger	I felt ... when Donald Trump was elected US President.	0	0	1	0	1	0	1	0	0
719	Anger	I felt … when I saw a advert on tv for an animal charity for abused animals and I felt … at how people can treat animals so badly.	0	0	1	0	1	0	1	0	1
1083	Sadness	I felt ... when my grandmother died.	0	0	1	0	1	0	1	0	0
206	Fear	I felt ... when trying to go to the top of a set of high stairs to ride a water ride. The height made me ...	0	0	1	0	0	1	0	0	1
940	Guilt	I feel ... for eating chocolate when I know I should choose healthy things.	0	0	1	0	0	1	0	1	1
349	Guilt	I felt ... when I took something without paying.	0	0	1	0	0	1	0	1	1
1007	Joy	I felt ... when I found a rare item I had wanted for a long time.	0	0	1	0	0	1	0	0	1
454	Joy	I felt ... because I was baptised in the Holy Spirit as a Christian. It was like all my worries were pushed to one side and I had a feeling of immense love, peace and ...	0	0	1	0	0	1	0	1	1
962	Guilt	I felt ... because I make my parents’ problems worse because my income is minimal and not really enough to support all of us, but neither of them can work. I feel ... because I don’t have enough to get what they need and they get angry about it.	0	0	1	0	1	0	1	0	1
216	Fear	I felt ... because my son had a lump come up under his arm. It turned out to be benign, but it is ... when you see your child ill for any reason.	0	0	1	0	1	0	1	0	0
243	Fear	I felt ... because I was walking around in the dark.	0	0	1	0	0	1	0	0	1
270	Fear	I felt ... when I had to climb a ladder to do a job on the gutters.	0	0	1	0	0	1	0	0	0
1042	Joy	I felt ... of cycling to the local nature reserve for a photo and getting perfect weather conditions for it when I arrived there.	0	0	1	0	0	1	0	0	1
409	Joy	I felt ... when I bought my first home.	0	0	1	0	0	1	0	1	1
250	Fear	I felt ... when I cycled down a mountain in Scotland.	0	0	1	0	0	1	0	1	1
429	Joy	I felt ... when my best friend who moved to Australia surprised me by coming over to England to see me unexpectedly as a surprise visit, she stayed and we spent the whole week making up for lost time.... going to the cinema, going shopping, having girly nights in with old friends and nights out at the weekend. That ... lasted for an entire week. She's back in Australia now and I miss her.	0	0	1	0	1	1	0	0	0
12	Anger	I felt ... when I was at work and nothing seemed to be going right. I was in a rush as I needed to leave work a small bit earlier that particular day, and was trying to get a lot done in a short space of time. Unfortunately, things started to go wrong, the more they went wrong, the more mistakes I made and the ... I became. The ... I became, the more mistakes I made, which just led to a very vicious circle.	0	0	1	0	0	1	0	0	1
443	Joy	I felt ... when I found some money in the street.	0	0	1	0	0	1	0	0	1
1087	Sadness	I felt ... when I watched a sad movie.	0	0	1	0	0	1	0	0	1
821	Fear	I felt … when I momentarily lost sight of my son in a shop.	0	0	1	0	1	1	0	0	1
872	Fear	I felt … because we were driving fast in the rain in order to get somewhere before it shut, and the driver was going over the speed limit.	0	0	1	0	1	1	0	0	0
948	Guilt	I felt ... when I lied to my friend and said I was going out but I wasn’t.	0	0	1	0	1	0	1	1	1
1014	Joy	I felt ... when witnessing the joy on my children’s face on Christmas morning.	0	0	1	0	1	0	1	0	1
881	Fear	I felt … today when up the step ladder pruning a tree - the worry of slipping and falling off.	0	0	1	1	0	1	0	0	1
850	Fear	I felt … when my mum was taken into the hospital.	0	0	1	0	1	0	1	0	0
208	Fear	I felt ... when I was ten years old and trying to get to sleep after staying up late, unknown to my parents, to watch a late night hammer horror film.	0	0	1	0	1	1	0	1	1
299	Guilt	I felt ... when I forgot to set an alarm and was 2 hours late to go and let my mum's dog out for a walk and feed him.	0	0	1	0	1	0	1	0	1
392	Joy	I felt ... when I finally got all the children into bed after a very, long day.	0	0	1	0	1	0	1	1	1
289	Guilt	I felt ... because my grandfather passed away and I was not there because I didn't want to drive in the early hours of the morning.	0	0	1	0	1	0	1	1	1
235	Fear	I felt ... when I was trying to contact my ex-wife and couldn't do so when she was very ill.	0	0	1	0	1	0	0	0	1
775	Disgust	I felt … when a stranger threatened my children.	0	0	1	0	1	0	1	0	0
865	Fear	I felt … because my 8 week old son had problems breathing and was turning blue.	0	0	1	0	1	0	1	0	0
417	Joy	I felt ... when I found a paperback I had been looking for in a charity shop, in excellent condition and much cheaper than it would have cost to buy online.	0	0	1	0	0	1	0	0	1
71	Anger	I felt ... when I discovered that I had been overcharged for some work on my car and that I could have had the job completed for a cheaper price.	0	0	1	0	0	1	0	0	1
139	Disgust	I felt ... when I stepped into a pile of dog excrement on the pavement.	0	0	1	0	0	1	0	0	1
729	Disgust	I felt a lot of … towards my friend because he stole my wallet.	0	0	1	0	1	1	0	0	0